time,formaldehyde,co2,tvoc,temp,humidity,pm25
2019/7/30 9:00,17,708,46,237,499,12
2019/7/30 9:00,17,705,47,238,442,11
2019/7/30 9:00,17,705,48,239,409,11
2019/7/30 9:01,17,703,47,239,397,11
2019/7/30 9:01,17,703,46,240,397,10
2019/7/30 9:01,17,700,47,240,391,11
2019/7/30 9:01,17,697,47,241,392,10
2019/7/30 9:01,16,695,48,242,390,10
2019/7/30 9:01,17,694,47,242,385,10
2019/7/30 9:02,16,694,47,243,382,10
2019/7/30 9:02,17,693,46,244,383,10
2019/7/30 9:02,17,693,46,245,378,10
2019/7/30 9:02,16,690,46,246,378,10
2019/7/30 9:03,16,688,45,247,380,11
2019/7/30 9:03,16,687,44,247,378,11
2019/7/30 9:03,16,686,45,248,376,11
2019/7/30 9:03,17,685,44,249,375,11
2019/7/30 9:04,17,683,45,251,377,11
2019/7/30 9:04,17,681,44,252,377,11
2019/7/30 9:04,17,681,45,252,373,11
2019/7/30 9:04,17,679,44,254,374,14
2019/7/30 9:05,17,677,45,255,366,14
2019/7/30 9:05,17,674,44,257,364,13
2019/7/30 9:05,17,672,44,258,363,12
2019/7/30 9:05,17,669,45,259,357,11
2019/7/30 9:06,16,667,46,260,356,12
2019/7/30 9:06,16,667,47,261,355,11
2019/7/30 9:06,16,664,46,263,350,12
2019/7/30 9:06,16,662,46,264,349,11
2019/7/30 9:07,17,662,45,265,346,12
2019/7/30 9:07,17,661,44,266,343,13
2019/7/30 9:07,17,660,43,267,344,12
2019/7/30 9:07,17,659,44,268,342,12
2019/7/30 9:08,17,657,43,269,339,12
2019/7/30 9:08,17,657,43,270,340,12
2019/7/30 9:08,17,656,42,272,331,11
2019/7/30 9:08,17,653,42,272,325,11
2019/7/30 9:09,15,652,42,273,321,12
2019/7/30 9:09,16,652,43,273,323,13
2019/7/30 9:09,15,652,44,275,323,11
2019/7/30 9:09,15,647,43,275,324,12
2019/7/30 9:10,16,646,43,276,323,12
2019/7/30 9:10,16,645,43,276,322,12
2019/7/30 9:10,16,644,43,277,321,11
2019/7/30 9:10,16,630,40,277,318,12
2019/7/30 9:11,16,631,40,277,317,13
2019/7/30 9:11,16,633,41,277,315,11
2019/7/30 9:11,16,632,41,278,314,11
2019/7/30 9:11,16,631,40,278,313,12
2019/7/30 9:12,16,626,40,278,312,11
2019/7/30 9:12,16,626,40,278,314,11
2019/7/30 9:12,16,631,40,279,311,11
2019/7/30 9:12,16,631,40,280,309,12
2019/7/30 9:13,16,630,40,281,308,12
2019/7/30 9:13,16,626,40,281,304,12
2019/7/30 9:13,15,622,39,281,302,12
2019/7/30 9:13,15,617,38,280,304,11
2019/7/30 9:14,15,617,38,280,303,11
2019/7/30 9:14,15,622,39,281,303,12
2019/7/30 9:15,15,618,38,281,299,10
2019/7/30 9:15,15,612,37,281,298,12
2019/7/30 9:15,15,619,38,282,299,11
2019/7/30 9:15,15,618,38,282,298,11
2019/7/30 9:16,15,623,39,283,298,11
2019/7/30 9:16,15,624,39,284,296,13
2019/7/30 9:16,15,624,39,285,292,13
2019/7/30 9:16,15,623,39,285,290,12
2019/7/30 9:17,15,617,38,285,289,12
2019/7/30 9:17,15,617,38,285,289,11
2019/7/30 9:18,15,613,37,286,285,11
2019/7/30 9:18,14,604,36,286,285,11
2019/7/30 9:18,15,617,38,286,285,12
2019/7/30 9:18,15,623,39,287,286,10
2019/7/30 9:19,16,626,40,288,285,10
2019/7/30 9:19,16,631,40,289,283,11
2019/7/30 9:19,16,633,41,290,281,11
2019/7/30 9:20,15,624,39,291,276,11
2019/7/30 9:20,15,624,39,290,277,11
2019/7/30 9:21,15,623,39,291,275,11
2019/7/30 9:21,15,623,39,291,275,11
2019/7/30 9:21,15,623,39,290,276,11
2019/7/30 9:21,15,623,39,291,276,10
2019/7/30 9:22,15,618,38,291,273,11
2019/7/30 9:22,15,613,37,290,274,11
2019/7/30 9:22,15,612,37,289,274,11
2019/7/30 9:22,15,612,37,289,275,11
2019/7/30 9:23,14,610,37,288,279,11
2019/7/30 9:23,14,610,37,288,277,11
2019/7/30 9:24,14,608,36,287,279,10
2019/7/30 9:24,14,605,36,287,279,10
2019/7/30 9:24,14,606,36,287,281,11
2019/7/30 9:24,14,610,37,287,283,10
2019/7/30 9:25,14,606,36,287,283,11
2019/7/30 9:25,14,605,36,287,279,11
2019/7/30 9:25,14,606,36,286,281,12
2019/7/30 9:25,14,600,35,286,282,11
2019/7/30 9:26,14,604,36,286,282,11
2019/7/30 9:26,14,604,36,286,285,12
2019/7/30 9:26,14,606,36,286,284,11
2019/7/30 9:27,14,602,35,285,282,11
2019/7/30 9:27,14,603,35,285,284,11
2019/7/30 9:27,14,611,37,287,284,11
2019/7/30 9:27,14,604,36,286,283,10
2019/7/30 9:28,14,606,36,287,281,12
2019/7/30 9:28,14,608,36,287,281,12
2019/7/30 9:28,14,608,36,288,278,11
2019/7/30 9:28,14,608,36,288,278,11
2019/7/30 9:29,14,611,37,288,278,10
2019/7/30 9:29,14,609,36,289,276,10
2019/7/30 9:29,14,608,36,289,273,10
2019/7/30 9:30,14,610,37,289,275,11
2019/7/30 9:30,14,609,36,289,274,11
2019/7/30 9:30,14,608,36,289,273,12
2019/7/30 9:30,14,605,36,289,273,11
2019/7/30 9:31,14,608,36,289,273,11
2019/7/30 9:31,14,605,36,289,274,11
2019/7/30 9:31,14,604,36,288,274,10
2019/7/30 9:31,14,608,36,288,275,10
2019/7/30 9:32,14,608,36,288,275,10
2019/7/30 9:32,14,605,36,288,275,10
2019/7/30 9:32,14,605,36,288,275,10
2019/7/30 9:33,14,605,36,288,275,11
2019/7/30 9:33,14,606,36,288,274,10
2019/7/30 9:33,14,606,36,288,274,11
2019/7/30 9:34,14,605,36,288,275,10
2019/7/30 9:34,14,603,35,288,274,11
2019/7/30 9:34,14,610,37,288,274,11
2019/7/30 9:34,14,604,36,288,273,11
2019/7/30 9:35,14,605,36,288,272,11
2019/7/30 9:35,14,604,36,287,273,11
2019/7/30 9:35,14,608,36,287,275,12
2019/7/30 9:36,14,606,36,287,276,10
2019/7/30 9:36,14,605,36,287,275,10
2019/7/30 9:36,14,608,36,288,275,10
2019/7/30 9:36,14,604,36,287,274,11
2019/7/30 9:37,14,604,36,287,275,10
2019/7/30 9:37,14,606,36,287,274,10
2019/7/30 9:37,15,612,37,288,275,10
2019/7/30 9:38,14,611,37,288,272,10
2019/7/30 9:38,14,608,36,289,271,10
2019/7/30 9:38,14,608,36,288,271,10
2019/7/30 9:39,14,606,36,288,271,10
2019/7/30 9:39,15,613,37,289,271,10
2019/7/30 9:39,14,609,36,289,269,10
2019/7/30 9:39,14,610,37,289,270,11
2019/7/30 9:40,14,608,36,289,269,11
2019/7/30 9:40,14,600,35,288,270,10
2019/7/30 9:40,14,604,36,288,270,10
2019/7/30 9:40,14,604,36,288,271,10
2019/7/30 9:41,14,606,36,287,271,11
2019/7/30 9:41,14,606,36,287,272,11
2019/7/30 9:41,14,605,36,287,271,10
2019/7/30 9:41,14,603,35,287,271,12
2019/7/30 9:42,14,606,36,287,273,11
2019/7/30 9:42,14,604,36,287,272,11
2019/7/30 9:42,14,608,36,287,273,11
2019/7/30 9:42,14,603,35,287,272,11
2019/7/30 9:43,14,606,36,287,272,11
2019/7/30 9:43,14,604,36,287,271,11
2019/7/30 9:43,14,604,36,287,270,11
2019/7/30 9:43,14,604,36,287,271,11
2019/7/30 9:44,14,605,36,287,273,11
2019/7/30 9:44,14,602,35,286,271,12
2019/7/30 9:44,14,604,36,286,272,11
2019/7/30 9:44,14,604,36,287,271,12
2019/7/30 9:45,14,606,36,287,271,11
2019/7/30 9:45,14,610,37,287,271,11
2019/7/30 9:45,14,609,36,288,270,11
2019/7/30 9:45,15,619,38,289,271,10
2019/7/30 9:46,16,629,40,291,268,10
2019/7/30 9:46,16,632,41,293,266,10
2019/7/30 9:46,16,633,41,295,262,11
2019/7/30 9:46,16,637,41,296,261,10
2019/7/30 9:47,17,644,43,297,259,11
2019/7/30 9:47,17,644,43,298,257,11
2019/7/30 9:47,17,650,44,299,257,11
2019/7/30 9:47,16,640,42,300,250,11
2019/7/30 9:48,16,632,41,299,249,11
2019/7/30 9:48,16,631,40,298,253,11
2019/7/30 9:48,16,628,40,297,253,12
2019/7/30 9:48,16,626,40,295,256,11
2019/7/30 9:49,15,625,39,294,261,11
2019/7/30 9:49,15,624,39,293,266,11
2019/7/30 9:49,15,625,39,293,268,11
2019/7/30 9:49,15,623,39,292,274,11
2019/7/30 9:50,15,624,39,292,273,11
2019/7/30 9:50,15,623,39,291,274,12
2019/7/30 9:50,15,621,39,291,276,11
2019/7/30 9:50,15,618,38,290,273,12
2019/7/30 9:51,15,619,38,290,275,11
2019/7/30 9:51,15,623,39,290,275,11
2019/7/30 9:51,16,630,40,291,275,11
2019/7/30 9:51,16,628,40,292,272,10
2019/7/30 9:52,15,623,39,292,272,11
2019/7/30 9:52,15,623,39,291,271,12
2019/7/30 9:52,15,621,39,291,273,11
2019/7/30 9:53,15,624,39,291,276,12
2019/7/30 9:53,15,625,39,290,278,12
2019/7/30 9:53,16,626,40,290,280,12
2019/7/30 9:53,15,623,39,291,277,11
2019/7/30 9:54,15,623,39,290,277,12
2019/7/30 9:54,15,621,39,290,275,11
2019/7/30 9:54,15,618,38,290,276,13
2019/7/30 9:55,15,618,38,289,277,13
2019/7/30 9:55,15,623,39,289,276,13
2019/7/30 9:55,15,618,38,289,275,12
2019/7/30 9:55,15,617,38,289,275,11
2019/7/30 9:56,14,611,37,289,276,12
2019/7/30 9:56,15,623,39,289,274,11
2019/7/30 9:56,15,621,39,290,274,12
2019/7/30 9:57,15,619,38,289,274,11
2019/7/30 9:57,15,616,38,288,274,12
2019/7/30 9:57,15,619,38,289,274,12
2019/7/30 9:57,15,618,38,288,274,11
2019/7/30 9:58,15,617,38,288,274,11
2019/7/30 9:58,15,617,38,288,275,12
2019/7/30 9:58,15,613,37,287,275,11
2019/7/30 9:58,15,617,38,287,275,10
2019/7/30 9:59,15,616,38,287,275,11
2019/7/30 9:59,15,621,39,287,274,11
2019/7/30 10:00,15,617,38,287,274,11
2019/7/30 10:00,15,618,38,288,273,12
2019/7/30 10:00,15,617,38,287,272,12
2019/7/30 10:00,15,618,38,288,271,12
2019/7/30 10:01,15,619,38,288,272,12
2019/7/30 10:01,15,616,38,288,270,12
2019/7/30 10:01,15,612,37,288,270,11
2019/7/30 10:01,15,617,38,288,270,11
2019/7/30 10:02,15,617,38,288,269,10
2019/7/30 10:02,15,616,38,288,269,11
2019/7/30 10:03,15,622,39,289,269,12
2019/7/30 10:03,15,619,38,289,269,12
2019/7/30 10:03,15,621,39,289,268,11
2019/7/30 10:03,15,616,38,289,268,11
2019/7/30 10:04,15,617,38,288,268,11
2019/7/30 10:04,15,619,38,288,268,11
2019/7/30 10:04,15,617,38,288,266,12
2019/7/30 10:04,15,618,38,288,267,11
2019/7/30 10:05,15,618,38,288,269,10
2019/7/30 10:06,15,616,38,288,268,11
2019/7/30 10:06,15,616,38,287,268,11
2019/7/30 10:06,15,617,38,287,269,11
2019/7/30 10:06,15,615,37,287,269,10
2019/7/30 10:07,15,617,38,287,269,13
2019/7/30 10:07,14,603,35,288,267,12
2019/7/30 10:07,15,619,38,288,268,11
2019/7/30 10:07,15,613,37,287,267,11
2019/7/30 10:08,15,615,37,287,269,12
2019/7/30 10:08,15,616,38,287,270,12
2019/7/30 10:08,15,617,38,286,269,10
2019/7/30 10:09,15,612,37,286,269,10
2019/7/30 10:09,15,617,38,287,268,10
2019/7/30 10:09,15,615,37,287,268,11
2019/7/30 10:09,15,617,38,288,267,10
2019/7/30 10:10,14,608,36,288,265,10
2019/7/30 10:10,15,619,38,288,265,10
2019/7/30 10:10,15,619,38,288,266,10
2019/7/30 10:10,15,621,39,289,265,10
2019/7/30 10:11,15,622,39,289,262,11
2019/7/30 10:11,15,621,39,289,264,11
2019/7/30 10:11,16,638,42,292,265,10
2019/7/30 10:12,17,652,44,294,264,11
2019/7/30 10:12,18,655,45,296,262,12
2019/7/30 10:12,18,657,45,297,259,12
2019/7/30 10:12,18,662,46,299,259,11
2019/7/30 10:13,18,665,46,300,256,11
2019/7/30 10:13,18,663,46,301,252,11
2019/7/30 10:13,17,649,44,300,249,12
2019/7/30 10:14,17,645,43,299,252,11
2019/7/30 10:14,16,640,42,297,254,10
2019/7/30 10:14,16,637,41,295,256,11
2019/7/30 10:15,16,634,41,294,260,11
2019/7/30 10:15,16,636,41,293,261,12
2019/7/30 10:15,16,631,40,292,261,12
2019/7/30 10:15,16,631,40,291,263,12
2019/7/30 10:16,16,631,40,291,264,12
2019/7/30 10:16,16,629,40,291,264,11
2019/7/30 10:16,16,629,40,291,264,13
2019/7/30 10:16,15,625,39,290,265,11
2019/7/30 10:17,16,626,40,289,267,12
2019/7/30 10:17,16,626,40,289,267,12
2019/7/30 10:17,16,628,40,289,266,11
2019/7/30 10:18,15,625,39,288,267,11
2019/7/30 10:18,15,623,39,288,267,11
2019/7/30 10:18,15,625,39,288,268,11
2019/7/30 10:18,16,628,40,288,267,11
2019/7/30 10:19,15,615,37,288,267,10
2019/7/30 10:19,15,623,39,288,267,11
2019/7/30 10:19,15,616,38,287,268,12
2019/7/30 10:19,15,622,39,286,270,12
2019/7/30 10:20,15,621,39,286,271,12
2019/7/30 10:20,15,622,39,285,272,12
2019/7/30 10:20,15,621,39,286,271,12
2019/7/30 10:21,15,619,38,285,272,11
2019/7/30 10:21,15,616,38,285,271,10
2019/7/30 10:21,15,617,38,285,272,11
2019/7/30 10:21,15,613,37,285,272,11
2019/7/30 10:22,15,619,38,285,271,11
2019/7/30 10:22,15,618,38,285,272,11
2019/7/30 10:22,14,610,37,284,272,10
2019/7/30 10:22,15,615,37,285,272,11
2019/7/30 10:23,15,615,37,285,272,12
2019/7/30 10:23,15,618,38,284,272,12
2019/7/30 10:23,15,622,39,285,274,11
2019/7/30 10:23,15,623,39,285,272,11
2019/7/30 10:24,16,626,40,286,271,11
2019/7/30 10:24,15,625,39,286,272,11
2019/7/30 10:24,16,626,40,287,268,11
2019/7/30 10:24,15,625,39,287,271,11
2019/7/30 10:25,16,629,40,287,269,10
2019/7/30 10:25,16,626,40,288,270,10
2019/7/30 10:25,16,629,40,288,270,11
2019/7/30 10:25,16,630,40,288,269,11
2019/7/30 10:26,16,629,40,289,270,11
2019/7/30 10:26,16,631,40,288,270,12
2019/7/30 10:26,16,631,40,288,271,11
2019/7/30 10:27,15,625,39,288,272,11
2019/7/30 10:27,16,634,41,288,270,11
2019/7/30 10:27,16,638,42,289,270,12
2019/7/30 10:27,17,641,42,290,268,11
2019/7/30 10:28,16,633,41,291,267,11
2019/7/30 10:28,16,634,41,290,267,12
2019/7/30 10:28,16,634,41,289,268,13
2019/7/30 10:28,16,632,41,289,269,12
2019/7/30 10:29,16,629,40,288,270,12
2019/7/30 10:29,16,632,41,288,271,13
2019/7/30 10:29,16,628,40,288,269,12
2019/7/30 10:29,16,629,40,287,269,12
2019/7/30 10:30,16,633,41,288,270,12
2019/7/30 10:30,16,633,41,288,270,12
2019/7/30 10:30,16,632,41,288,269,12
2019/7/30 10:30,16,634,41,289,268,12
2019/7/30 10:31,16,632,41,289,268,13
2019/7/30 10:31,15,625,39,289,268,12
2019/7/30 10:31,16,637,41,289,269,11
2019/7/30 10:31,16,636,41,289,268,11
2019/7/30 10:32,16,634,41,289,267,11
2019/7/30 10:32,16,636,41,289,268,10
2019/7/30 10:32,16,638,42,289,267,12
2019/7/30 10:32,16,632,41,289,268,12
2019/7/30 10:33,16,632,41,288,269,13
2019/7/30 10:33,16,629,40,287,270,13
2019/7/30 10:33,16,638,42,288,268,13
2019/7/30 10:33,16,634,41,288,267,12
2019/7/30 10:34,16,633,41,288,268,11
2019/7/30 10:34,16,631,40,287,268,12
2019/7/30 10:35,16,633,41,288,268,12
2019/7/30 10:35,16,626,40,287,268,11
2019/7/30 10:35,16,632,41,287,269,12
2019/7/30 10:36,16,633,41,287,267,11
2019/7/30 10:36,16,633,41,287,268,12
2019/7/30 10:36,16,636,41,288,265,11
2019/7/30 10:36,16,637,41,288,264,12
2019/7/30 10:37,16,632,41,288,265,11
2019/7/30 10:37,16,639,42,288,266,11
2019/7/30 10:37,17,648,43,291,265,10
2019/7/30 10:37,17,652,44,293,261,11
2019/7/30 10:38,18,661,46,294,256,11
2019/7/30 10:38,18,668,47,296,255,12
2019/7/30 10:39,19,673,48,300,246,12
2019/7/30 10:39,18,666,47,300,242,12
2019/7/30 10:39,18,659,45,299,242,12
2019/7/30 10:41,17,646,43,292,254,13
2019/7/30 10:41,17,641,42,292,254,13
2019/7/30 10:42,17,643,42,291,256,11
2019/7/30 10:44,16,638,42,288,260,11
2019/7/30 10:45,16,640,42,287,262,11
2019/7/30 10:46,16,640,42,287,262,11
2019/7/30 10:50,17,647,43,286,267,12
2019/7/30 10:52,17,641,42,288,255,11
2019/7/30 10:55,16,640,42,288,253,11
2019/7/30 10:57,17,643,42,289,252,11
2019/7/30 10:58,16,639,42,288,254,11
2019/7/30 11:00,16,639,42,287,256,11
2019/7/30 11:01,17,645,43,288,252,12
2019/7/30 11:03,17,641,42,289,251,11
2019/7/30 11:06,18,663,46,295,240,12
2019/7/30 11:07,18,656,45,291,247,11
2019/7/30 11:09,18,655,45,291,249,12
2019/7/30 11:14,18,661,46,290,254,12
2019/7/30 11:17,18,657,45,289,253,11
2019/7/30 11:19,18,656,45,288,255,14
2019/7/30 11:21,18,661,46,289,255,13
2019/7/30 11:22,17,649,44,286,259,13
2019/7/30 11:26,17,641,42,283,263,12
2019/7/30 11:28,17,641,42,282,272,13
2019/7/30 11:33,18,667,47,293,257,12
2019/7/30 11:34,18,655,45,288,270,14
2019/7/30 11:36,17,649,44,285,273,15
2019/7/30 11:38,17,647,43,283,273,15
2019/7/30 11:41,16,638,42,282,270,14
2019/7/30 11:44,16,633,41,280,269,13
2019/7/30 11:46,16,632,41,280,267,13
2019/7/30 11:48,16,637,41,281,261,14
2019/7/30 11:49,16,632,41,282,254,12
2019/7/30 11:53,16,640,42,281,275,14
2019/7/30 11:56,16,636,41,281,277,14
2019/7/30 11:58,19,675,48,290,265,14
2019/7/30 12:00,18,655,45,287,268,14
2019/7/30 12:01,17,649,44,285,274,15
2019/7/30 12:05,17,646,43,282,282,14
2019/7/30 12:12,17,644,43,283,282,14
2019/7/30 12:13,17,644,43,281,286,17
2019/7/30 12:14,17,643,42,282,285,16
2019/7/30 12:17,17,654,44,282,290,16
2019/7/30 12:20,18,663,46,286,280,15
2019/7/30 12:23,19,676,48,287,276,13
2019/7/30 12:25,20,692,51,294,258,16
2019/7/30 12:27,19,675,48,290,263,14
2019/7/30 12:28,19,672,48,289,263,15
2019/7/30 12:31,18,667,47,286,263,15
2019/7/30 12:35,18,662,46,286,261,14
2019/7/30 12:37,18,659,45,286,259,14
2019/7/30 12:39,18,666,47,287,265,14
2019/7/30 12:40,19,669,47,287,284,14
2019/7/30 12:44,20,685,50,289,302,17
2019/7/30 12:47,20,691,51,291,306,17
2019/7/30 12:51,20,683,50,291,293,17
2019/7/30 12:53,19,678,49,289,283,15
2019/7/30 12:59,19,678,49,289,274,15
2019/7/30 13:02,19,678,49,290,264,16
2019/7/30 13:04,19,673,48,289,263,15
2019/7/30 13:05,19,674,48,289,261,16
2019/7/30 13:11,19,670,47,289,253,14
2019/7/30 13:16,19,673,48,291,247,14
2019/7/30 13:18,19,674,48,290,248,16
2019/7/30 13:19,19,672,48,289,251,14
2019/7/30 13:22,19,677,48,290,252,14
2019/7/30 13:26,19,675,48,289,249,15
2019/7/30 13:30,19,680,49,289,250,15
2019/7/30 13:31,20,683,50,290,246,14
2019/7/30 13:33,19,672,48,288,248,14
2019/7/30 13:35,19,674,48,288,249,15
2019/7/30 13:38,19,672,48,287,249,15
2019/7/30 13:41,19,677,48,288,247,13
2019/7/30 13:43,19,676,48,287,248,16
2019/7/30 13:44,19,678,49,287,248,15
2019/7/30 13:47,19,679,49,288,245,13
2019/7/30 13:49,19,676,48,287,247,15
2019/7/30 13:53,19,676,48,286,250,14
2019/7/30 13:55,19,678,49,286,251,15
2019/7/30 13:56,19,677,48,287,249,15
2019/7/30 13:58,19,678,49,286,252,13
2019/7/30 14:01,19,677,48,285,253,15
2019/7/30 14:04,19,680,49,286,252,14
2019/7/30 14:08,19,680,49,286,254,14
2019/7/30 14:12,22,722,56,288,261,15
2019/7/30 14:14,20,692,51,287,267,15
2019/7/30 14:16,20,693,51,288,267,17
2019/7/30 14:20,23,727,57,288,266,15
2019/7/30 14:23,19,676,48,287,261,14
2019/7/30 14:25,23,734,59,289,256,15
2019/7/30 14:50,20,693,51,287,246,14
2019/7/30 16:00,31,839,77,295,300,20
2019/7/30 16:00,30,828,75,295,299,19
2019/7/30 16:00,31,848,79,295,300,18
2019/7/30 16:01,34,885,85,296,298,19
2019/7/30 16:01,32,865,82,296,298,19
2019/7/30 16:01,32,865,82,297,296,19
2019/7/30 16:01,31,848,79,297,296,19
2019/7/30 16:01,29,823,74,296,298,20
2019/7/30 16:01,29,814,73,295,300,20
2019/7/30 16:02,30,825,75,295,302,19
2019/7/30 16:02,29,823,74,294,303,19
2019/7/30 16:02,33,879,84,295,301,19
2019/7/30 16:03,32,853,80,296,301,19
2019/7/30 16:03,31,842,78,296,300,18
2019/7/30 16:03,31,842,78,296,302,21
2019/7/30 16:03,31,839,77,296,302,21
2019/7/30 16:03,29,817,73,295,303,20
2019/7/30 16:04,29,812,72,294,306,20
2019/7/30 16:04,28,806,71,293,306,20
2019/7/30 16:04,29,823,74,293,308,20
2019/7/30 16:04,32,856,80,294,306,21
2019/7/30 16:05,30,831,76,294,306,20
2019/7/30 16:05,32,862,81,294,305,20
2019/7/30 16:05,33,876,84,295,304,20
2019/7/30 16:05,34,888,86,296,303,18
2019/7/30 16:06,33,876,84,297,302,18
2019/7/30 16:06,32,865,82,297,302,18
2019/7/30 16:06,32,853,80,297,301,18
2019/7/30 16:06,32,865,82,297,303,18
2019/7/30 16:07,30,828,75,298,300,18
2019/7/30 16:07,33,876,84,298,300,18
2019/7/30 16:07,34,888,86,298,300,19
2019/7/30 16:07,34,882,85,298,299,18
2019/7/30 16:07,34,888,86,299,298,19
2019/7/30 16:08,35,896,87,299,298,18
2019/7/30 16:08,33,879,84,299,297,18
2019/7/30 16:08,36,917,91,300,296,17
2019/7/30 16:08,35,905,89,300,296,18
2019/7/30 16:09,33,868,82,300,297,18
2019/7/30 16:09,32,862,81,299,297,19
2019/7/30 16:09,33,870,83,299,296,19
2019/7/30 16:09,33,873,83,299,296,17
2019/7/30 16:10,32,859,81,299,296,18
2019/7/30 16:10,33,879,84,298,297,18
2019/7/30 16:10,33,879,84,299,297,18
2019/7/30 16:10,33,870,83,299,296,18
2019/7/30 16:10,33,873,83,298,297,17
2019/7/30 16:11,34,882,85,298,296,18
2019/7/30 16:11,34,882,85,299,296,18
2019/7/30 16:11,35,896,87,299,294,18
2019/7/30 16:11,33,879,84,299,292,19
2019/7/30 16:12,37,938,94,300,292,17
2019/7/30 16:12,36,920,91,300,290,19
2019/7/30 16:12,37,926,92,301,289,18
2019/7/30 16:12,34,888,86,301,289,19
2019/7/30 16:12,36,920,91,301,289,18
2019/7/30 16:13,36,917,91,301,288,17
2019/7/30 16:13,34,891,86,301,289,17
2019/7/30 16:13,34,885,85,301,288,17
2019/7/30 16:13,33,876,84,301,289,17
2019/7/30 16:13,33,870,83,300,290,17
2019/7/30 16:14,33,868,82,300,290,18
2019/7/30 16:14,34,882,85,299,290,18
2019/7/30 16:15,36,914,90,300,289,18
2019/7/30 16:15,33,879,84,299,289,17
2019/7/30 16:15,33,870,83,299,290,18
2019/7/30 16:15,30,831,76,299,288,18
2019/7/30 16:16,32,856,80,299,288,18
2019/7/30 16:16,33,870,83,298,289,18
2019/7/30 16:16,32,856,80,298,290,17
2019/7/30 16:16,31,848,79,298,291,18
2019/7/30 16:17,31,851,79,298,293,19
2019/7/30 16:17,33,868,82,297,293,18
2019/7/30 16:17,32,862,81,298,292,18
2019/7/30 16:17,35,899,88,299,290,17
2019/7/30 16:18,32,859,81,298,291,19
2019/7/30 16:18,33,879,84,299,290,18
2019/7/30 16:18,33,876,84,299,289,17
2019/7/30 16:18,33,868,82,299,289,18
2019/7/30 16:19,32,859,81,299,289,17
2019/7/30 16:19,32,862,81,298,289,17
2019/7/30 16:19,33,876,84,298,288,18
2019/7/30 16:19,32,862,81,298,287,18
2019/7/30 16:19,33,873,83,298,287,18
2019/7/30 16:20,33,879,84,298,287,18
2019/7/30 16:20,32,862,81,299,286,18
2019/7/30 16:20,32,859,81,298,285,17
2019/7/30 16:20,32,856,80,298,288,17
2019/7/30 16:21,31,851,79,298,288,18
2019/7/30 16:21,32,856,80,298,287,19
2019/7/30 16:21,32,853,80,298,286,18
2019/7/30 16:21,33,879,84,298,287,18
2019/7/30 16:22,33,868,82,298,287,17
2019/7/30 16:22,32,865,82,298,287,17
2019/7/30 16:22,33,868,82,298,287,17
2019/7/30 16:23,33,873,83,298,287,18
2019/7/30 16:23,32,853,80,298,286,17
2019/7/30 16:23,31,851,79,298,286,17
2019/7/30 16:24,32,853,80,298,284,17
2019/7/30 16:24,33,868,82,298,283,17
2019/7/30 16:24,30,828,75,298,283,17
2019/7/30 16:24,31,851,79,298,283,17
2019/7/30 16:24,30,837,77,297,282,16
2019/7/30 16:25,29,823,74,297,283,17
2019/7/30 16:25,30,837,77,296,283,17
2019/7/30 16:25,31,842,78,296,285,17
2019/7/30 16:25,30,834,76,296,284,17
2019/7/30 16:26,30,828,75,296,284,17
2019/7/30 16:26,31,845,78,296,285,17
2019/7/30 16:26,31,839,77,296,284,17
2019/7/30 16:27,30,825,75,297,284,18
2019/7/30 16:27,30,834,76,296,286,18
2019/7/30 16:27,32,865,82,297,285,18
2019/7/30 16:27,33,876,84,297,284,18
2019/7/30 16:27,31,851,79,297,284,18
2019/7/30 16:28,33,870,83,297,285,17
2019/7/30 16:28,32,865,82,297,286,20
2019/7/30 16:28,32,865,82,297,287,18
2019/7/30 16:28,32,859,81,297,288,18
2019/7/30 16:29,33,873,83,297,287,16
2019/7/30 16:29,32,859,81,297,288,17
2019/7/30 16:29,34,882,85,298,288,17
2019/7/30 16:29,31,842,78,297,290,17
2019/7/30 16:30,33,868,82,297,291,17
2019/7/30 16:30,31,851,79,297,291,18
2019/7/30 16:30,32,865,82,297,290,19
2019/7/30 16:30,32,859,81,297,291,17
2019/7/30 16:31,32,856,80,297,291,17
2019/7/30 16:31,31,848,79,297,292,18
2019/7/30 16:31,32,853,80,297,294,17
2019/7/30 16:31,31,842,78,297,293,18
2019/7/30 16:31,31,845,78,296,295,18
2019/7/30 16:32,33,876,84,297,293,18
2019/7/30 16:32,33,873,83,297,291,19
2019/7/30 16:32,33,876,84,297,292,18
2019/7/30 16:32,33,873,83,298,292,17
2019/7/30 16:33,33,879,84,298,291,18
2019/7/30 16:33,32,865,82,298,292,18
2019/7/30 16:33,34,882,85,298,292,18
2019/7/30 16:33,34,882,85,298,291,17
2019/7/30 16:34,33,873,83,298,291,17
2019/7/30 16:34,32,853,80,298,294,17
2019/7/30 16:34,33,870,83,298,295,18
2019/7/30 16:34,33,879,84,298,295,18
2019/7/30 16:34,34,882,85,298,296,17
2019/7/30 16:35,34,888,86,298,294,17
2019/7/30 16:35,34,882,85,298,296,17
2019/7/30 16:35,33,879,84,298,296,17
2019/7/30 16:35,33,868,82,298,295,17
2019/7/30 16:36,32,865,82,298,296,18
2019/7/30 16:36,33,873,83,297,297,18
2019/7/30 16:36,34,885,85,298,298,18
2019/7/30 16:36,36,914,90,298,296,18
2019/7/30 16:36,35,899,88,298,296,18
2019/7/30 16:37,33,873,83,298,297,17
2019/7/30 16:37,33,870,83,298,296,17
2019/7/30 16:37,32,865,82,298,297,18
2019/7/30 16:37,32,859,81,297,299,17
2019/7/30 16:38,33,873,83,297,298,18
2019/7/30 16:38,33,873,83,297,298,17
2019/7/30 16:38,33,868,82,297,296,18
2019/7/30 16:39,31,851,79,297,296,18
2019/7/30 16:39,28,806,71,297,298,18
2019/7/30 16:39,32,862,81,297,296,18
2019/7/30 16:39,34,888,86,297,296,16
2019/7/30 16:39,32,862,81,297,296,17
2019/7/30 16:40,32,856,80,297,298,17
2019/7/30 16:40,32,859,81,296,297,17
2019/7/30 16:40,32,853,80,296,297,18
2019/7/30 16:40,35,896,87,297,297,17
2019/7/30 16:41,32,862,81,297,296,17
2019/7/30 16:41,32,865,82,297,295,18
2019/7/30 16:41,32,865,82,297,294,17
2019/7/30 16:41,32,853,80,297,296,18
2019/7/30 16:42,33,876,84,297,295,18
2019/7/30 16:42,33,873,83,297,295,19
2019/7/30 16:42,32,859,81,297,296,19
2019/7/30 16:42,32,862,81,297,297,17
2019/7/30 16:43,32,859,81,296,296,18
2019/7/30 16:43,32,865,82,297,296,18
2019/7/30 16:43,31,851,79,296,295,18
2019/7/30 16:43,31,845,78,296,295,18
2019/7/30 16:43,31,851,79,295,297,17
2019/7/30 16:44,33,868,82,296,296,17
2019/7/30 16:44,32,862,81,296,295,17
2019/7/30 16:50,32,865,82,296,295,18
2019/7/30 16:50,32,862,81,295,297,18
2019/7/30 16:51,30,831,76,295,299,17
2019/7/30 16:51,31,851,79,296,296,20
2019/7/30 16:52,32,859,81,296,297,19
2019/7/30 16:52,32,862,81,295,296,18
2019/7/30 16:53,32,853,80,296,295,18
2019/7/30 16:57,31,842,78,294,286,18
2019/7/30 16:57,31,845,78,294,286,17
2019/7/30 16:58,31,842,78,294,285,17
2019/7/30 16:58,30,837,77,294,284,17
2019/7/30 16:59,32,853,80,294,283,16
2019/7/30 17:00,32,853,80,295,279,16
2019/7/30 17:01,32,853,80,295,276,17
2019/7/30 17:01,28,803,71,294,279,18
2019/7/30 17:01,28,803,71,291,285,18
2019/7/30 17:02,29,814,73,291,286,18
2019/7/30 17:03,31,839,77,292,291,16
2019/7/30 17:03,31,839,77,293,290,16
2019/7/30 17:04,30,828,75,294,287,16
2019/7/30 17:04,31,851,79,295,284,16
2019/7/30 17:05,31,851,79,295,283,16
2019/7/30 17:05,31,845,78,295,282,17
2019/7/30 17:06,29,823,74,293,285,18
2019/7/30 17:06,30,834,76,293,285,17
2019/7/30 17:07,29,817,73,293,283,18
2019/7/30 17:07,29,817,73,292,284,17
2019/7/30 17:08,29,814,73,292,286,17
2019/7/30 17:09,31,842,78,293,286,16
2019/7/30 17:09,30,831,76,293,285,17
2019/7/30 17:10,31,839,77,293,286,15
2019/7/30 17:10,30,834,76,293,286,16
2019/7/30 17:11,32,856,80,294,286,16
2019/7/30 17:11,31,839,77,294,287,17
2019/7/30 17:12,31,842,78,294,288,17
2019/7/30 17:12,30,831,76,294,288,16
2019/7/30 17:13,29,823,74,293,291,16
2019/7/30 17:13,28,803,71,292,292,16
2019/7/30 17:14,29,820,74,291,295,17
2019/7/30 17:14,29,814,73,291,295,17
2019/7/30 17:15,29,817,73,290,297,18
2019/7/30 17:15,30,825,75,291,294,17
2019/7/30 17:16,29,812,72,291,292,17
2019/7/30 17:16,29,823,74,292,290,18
2019/7/30 17:17,32,853,80,292,289,17
2019/7/30 17:18,29,823,74,293,287,16
2019/7/30 17:18,27,795,69,293,285,16
2019/7/30 17:19,31,839,77,293,285,17
2019/7/30 17:19,28,803,71,294,284,18
2019/7/30 17:20,30,828,75,294,283,17
2019/7/30 17:20,29,812,72,293,284,17
2019/7/30 17:21,27,790,68,290,287,17
2019/7/30 17:21,27,795,69,289,289,18
2019/7/30 17:22,29,823,74,290,289,16
2019/7/30 17:22,28,806,71,290,286,16
2019/7/30 17:23,27,790,68,290,285,16
2019/7/30 17:25,27,785,67,290,280,17
2019/7/30 17:25,26,782,67,290,281,15
2019/7/30 17:25,27,793,69,290,278,15
2019/7/30 17:26,27,790,68,289,279,16
2019/7/30 17:27,28,801,70,290,276,15
2019/7/30 17:27,27,785,67,290,273,16
2019/7/30 17:28,27,790,68,291,272,15
2019/7/30 17:28,25,763,64,289,273,17
2019/7/30 17:29,26,776,66,289,271,15
2019/7/30 17:29,26,771,65,289,271,17
2019/7/30 17:30,26,774,66,290,269,16
2019/7/30 17:30,27,787,68,290,269,14
2019/7/30 17:31,26,771,65,290,266,14
2019/7/30 17:31,26,779,67,289,267,16
2019/7/30 17:32,27,793,69,291,264,14
2019/7/30 17:33,24,750,61,289,263,15
2019/7/30 17:33,24,750,61,288,267,14
2019/7/30 17:34,24,742,60,288,266,15
2019/7/30 17:34,23,732,58,286,268,15
2019/7/30 17:35,22,724,57,285,269,14
2019/7/30 17:35,23,727,57,285,269,15
2019/7/30 17:36,22,716,55,284,270,15
2019/7/30 17:36,20,686,50,283,272,15
2019/7/30 17:37,20,689,51,283,272,15
2019/7/30 17:37,20,688,50,283,272,15
2019/7/30 17:38,20,688,50,283,271,15
2019/7/30 17:38,22,719,56,284,270,15
2019/7/30 17:39,20,690,51,284,272,15
2019/7/30 17:40,20,692,51,284,275,15
2019/7/30 17:40,20,690,51,283,278,16
2019/7/30 17:40,20,687,50,282,281,15
2019/7/30 17:41,19,673,48,283,280,15
2019/7/30 17:42,20,691,51,283,282,14
2019/7/30 17:42,20,692,51,284,282,15
2019/7/30 17:43,20,688,50,284,285,15
2019/7/30 17:43,20,693,51,284,286,15
2019/7/30 17:44,20,687,50,284,288,14
2019/7/30 17:44,19,680,49,283,289,14
2019/7/30 17:45,20,690,51,282,293,14
2019/7/30 17:45,20,688,50,283,296,15
2019/7/30 17:46,19,682,49,283,295,15
2019/7/30 17:46,20,685,50,283,293,15
2019/7/30 17:47,19,677,48,282,291,15
2019/7/30 17:48,19,669,47,281,290,15
2019/7/30 17:48,19,680,49,281,289,16
2019/7/30 17:49,19,676,48,281,287,14
2019/7/30 17:49,19,679,49,281,286,15
2019/7/30 17:49,18,667,47,280,285,14
2019/7/30 17:50,18,667,47,280,284,15
2019/7/30 17:51,19,670,47,280,283,14
2019/7/30 17:51,19,669,47,280,280,15
2019/7/30 17:52,18,666,47,280,279,14
2019/7/30 17:52,18,666,47,280,278,14
2019/7/30 17:53,18,662,46,279,278,14
2019/7/30 17:53,18,664,46,278,281,15
2019/7/30 17:54,18,662,46,279,277,15
2019/7/30 17:54,18,659,45,279,275,14
2019/7/30 17:55,17,654,44,278,275,14
2019/7/30 17:55,17,654,44,277,276,15
2019/7/30 17:56,17,654,44,277,276,14
2019/7/30 17:57,18,656,45,277,274,15
2019/7/30 17:57,17,650,44,277,274,15
2019/7/30 17:58,17,653,44,276,273,15
2019/7/30 17:58,17,650,44,277,272,14
2019/7/30 17:59,17,653,44,277,272,14
2019/7/30 17:59,17,650,44,277,271,13
2019/7/30 18:00,17,644,43,275,274,14
2019/7/30 18:00,17,644,43,274,273,14
2019/7/30 18:01,17,643,42,275,273,13
2019/7/30 18:01,17,644,43,275,271,14
2019/7/30 18:02,17,644,43,275,272,13
2019/7/30 18:02,16,637,41,275,269,13
2019/7/30 18:03,16,639,42,274,271,14
2019/7/30 18:04,16,634,41,274,270,15
2019/7/30 18:04,16,639,42,274,269,14
2019/7/30 18:04,16,636,41,273,269,14
2019/7/30 18:05,17,643,42,274,269,14
2019/7/30 18:06,16,636,41,273,270,15
2019/7/30 18:06,17,643,42,274,270,14
2019/7/30 18:07,17,644,43,274,270,14
2019/7/30 18:07,17,644,43,274,268,13
2019/7/30 18:08,16,636,41,274,268,14
2019/7/30 18:08,16,637,41,273,269,14
2019/7/30 18:09,16,636,41,274,267,14
2019/7/30 18:09,16,636,41,273,268,13
2019/7/30 18:10,16,634,41,273,268,16
2019/7/30 18:10,16,639,42,273,269,14
2019/7/30 18:11,16,636,41,274,267,13
2019/7/30 18:12,16,638,42,273,269,14
2019/7/30 18:12,16,633,41,273,270,14
2019/7/30 18:13,16,637,41,273,270,14
2019/7/30 18:13,16,637,41,272,272,14
2019/7/30 18:13,16,639,42,272,270,13
2019/7/30 18:14,16,638,42,273,269,14
2019/7/30 18:15,16,636,41,272,270,13
2019/7/30 18:15,16,633,41,272,270,13
2019/7/30 18:16,16,636,41,272,270,14
2019/7/30 18:16,16,634,41,272,269,14
2019/7/30 18:17,16,632,41,272,271,13
2019/7/30 18:17,17,641,42,272,270,13
2019/7/30 18:18,16,639,42,273,268,13
2019/7/30 18:18,17,648,43,274,267,13
2019/7/30 18:19,16,638,42,274,267,13
2019/7/30 18:19,16,639,42,273,268,14
2019/7/30 18:20,16,638,42,273,266,14
2019/7/30 18:21,16,638,42,272,270,13
2019/7/30 18:21,17,648,43,273,271,14
2019/7/30 18:22,16,637,41,272,270,14
2019/7/30 18:22,17,644,43,273,269,14
2019/7/30 18:23,17,645,43,273,268,14
2019/7/30 18:23,16,639,42,273,268,15
2019/7/30 18:24,16,634,41,271,270,14
2019/7/30 18:24,16,629,40,270,270,13
2019/7/30 18:25,16,633,41,270,271,14
2019/7/30 18:25,16,632,41,270,272,14
2019/7/30 18:26,16,628,40,269,271,14
2019/7/30 18:27,16,634,41,270,269,13
2019/7/30 18:28,16,633,41,270,268,13
2019/7/30 18:28,16,633,41,271,268,13
2019/7/30 18:28,16,631,40,270,267,13
2019/7/30 18:29,16,633,41,270,268,13
2019/7/30 18:30,16,634,41,270,267,13
2019/7/30 18:30,16,636,41,271,265,13
2019/7/30 18:31,16,632,41,271,265,12
2019/7/30 18:31,16,632,41,271,265,13
2019/7/30 18:32,16,629,40,270,266,12
2019/7/30 18:32,16,633,41,270,266,13
2019/7/30 18:33,16,631,40,270,264,13
2019/7/30 18:33,16,634,41,270,265,12
2019/7/30 18:34,16,633,41,271,264,13
2019/7/30 18:34,16,632,41,270,265,14
2019/7/30 18:35,16,631,40,269,266,13
2019/7/30 18:36,16,636,41,270,266,14
2019/7/30 18:36,16,630,40,269,264,13
2019/7/30 18:37,16,630,40,269,265,12
2019/7/30 18:37,15,624,39,268,267,14
2019/7/30 18:38,16,626,40,268,266,12
2019/7/30 18:38,16,629,40,268,266,13
2019/7/30 18:39,16,629,40,269,264,13
2019/7/30 18:39,16,632,41,269,263,14
2019/7/30 18:40,16,630,40,269,264,13
2019/7/30 18:40,16,630,40,269,264,13
2019/7/30 18:41,16,631,40,270,263,13
2019/7/30 18:41,16,631,40,270,263,14
2019/7/30 18:42,16,631,40,269,262,12
2019/7/30 18:42,16,630,40,270,261,12
2019/7/30 18:43,16,633,41,270,260,12
2019/7/30 18:43,16,636,41,270,260,13
2019/7/30 18:44,16,638,42,271,259,12
2019/7/30 18:45,16,629,40,269,261,14
2019/7/30 18:45,16,632,41,269,262,12
2019/7/30 18:46,16,639,42,269,263,13
2019/7/30 18:46,16,631,40,269,262,13
2019/7/30 18:47,16,632,41,269,261,13
2019/7/30 18:47,14,611,37,269,262,13
2019/7/30 18:48,16,631,40,268,263,12
2019/7/30 18:48,16,631,40,269,262,12
2019/7/30 18:49,16,630,40,268,261,12
2019/7/30 18:49,16,633,41,268,264,13
2019/7/30 18:50,16,631,40,268,262,14
2019/7/30 18:51,16,630,40,268,264,13
2019/7/30 18:52,16,629,40,268,262,12
2019/7/30 18:52,16,626,40,268,264,13
2019/7/30 18:52,16,629,40,267,263,13
2019/7/30 18:53,16,631,40,267,263,12
2019/7/30 18:54,16,631,40,267,263,13
2019/7/30 18:54,16,626,40,268,263,13
2019/7/30 18:55,16,633,41,268,263,12
2019/7/30 18:55,16,628,40,268,261,13
2019/7/30 18:56,16,631,40,268,262,13
2019/7/30 18:56,16,631,40,268,262,12
2019/7/30 18:57,16,632,41,268,262,12
2019/7/30 18:57,15,622,39,268,262,13
2019/7/30 18:58,15,615,37,267,263,13
2019/7/30 18:58,16,632,41,266,265,12
2019/7/30 18:59,16,632,41,267,264,12
2019/7/30 19:00,16,632,41,267,263,12
2019/7/30 19:00,16,632,41,267,264,13
2019/7/30 19:01,16,639,42,267,264,12
2019/7/30 19:01,16,631,40,266,264,12
2019/7/30 19:02,16,632,41,267,264,12
2019/7/30 19:02,16,626,40,267,263,12
2019/7/30 19:03,15,625,39,267,262,13
2019/7/30 19:03,15,618,38,266,267,13
2019/7/30 19:04,15,616,38,265,266,13
2019/7/30 19:04,15,613,37,264,266,13
2019/7/30 19:05,14,611,37,265,266,13
2019/7/30 19:05,14,609,36,264,268,13
2019/7/30 19:06,14,609,36,265,268,13
2019/7/30 19:07,14,609,36,265,268,13
2019/7/30 19:07,14,609,36,265,268,13
2019/7/30 19:08,14,609,36,265,268,13
2019/7/30 19:09,14,609,36,265,268,13
2019/7/30 19:09,14,609,36,265,268,13
2019/7/30 19:10,14,609,36,265,268,13
2019/7/30 19:10,14,609,36,265,268,13
2019/7/30 19:11,14,609,36,265,268,13
2019/7/30 19:11,14,609,36,265,268,13
2019/7/30 19:12,14,609,36,265,268,13
2019/7/30 19:12,14,609,36,265,268,13
2019/7/30 19:13,14,609,36,265,268,13
2019/7/30 19:13,14,609,36,265,268,13
2019/7/30 19:14,14,609,36,265,268,13
2019/7/30 19:15,14,609,36,265,268,13
2019/7/30 19:16,14,609,36,265,268,13
2019/7/30 19:16,14,609,36,265,268,13
2019/7/30 19:16,14,609,36,265,268,13
2019/7/30 19:17,14,609,36,265,268,13
2019/7/30 19:18,14,609,36,265,268,13
2019/7/30 19:18,14,609,36,265,268,13
2019/7/30 19:19,14,609,36,265,268,13
2019/7/30 19:19,14,609,36,265,268,13
2019/7/30 19:20,14,609,36,265,268,13
2019/7/30 19:20,14,609,36,265,268,13
2019/7/30 19:21,14,609,36,265,268,13
2019/7/30 19:21,14,609,36,265,268,13
2019/7/30 19:22,14,609,36,265,268,13
2019/7/30 19:22,14,609,36,265,268,13
2019/7/30 19:23,14,609,36,265,268,13
2019/7/30 19:24,14,609,36,265,268,13
2019/7/30 19:24,14,609,36,265,268,13
2019/7/30 19:25,14,609,36,265,268,13
2019/7/30 19:25,14,609,36,265,268,13
2019/7/30 19:25,14,609,36,265,268,13
2019/7/30 19:26,14,609,36,265,268,13
2019/7/30 19:27,14,609,36,265,268,13
2019/7/30 19:27,14,609,36,265,268,13
2019/7/30 19:28,14,609,36,265,268,13
2019/7/30 19:28,14,609,36,265,268,13
2019/7/30 19:29,14,609,36,265,268,13
2019/7/30 19:29,14,609,36,265,268,13
2019/7/30 19:30,14,609,36,265,268,13
2019/7/30 19:30,14,609,36,237,268,13
2019/7/30 19:31,14,609,36,238,319,15
2019/7/30 19:31,14,609,36,239,315,13
2019/7/30 19:32,14,609,36,240,313,13
2019/7/30 19:33,14,609,36,242,311,13
2019/7/30 19:34,20,691,51,244,306,13
2019/7/30 19:34,17,653,44,245,304,13
2019/7/30 19:35,15,619,38,247,301,13
2019/7/30 19:35,13,594,34,247,299,12
2019/7/30 19:36,11,559,28,248,300,13
2019/7/30 19:36,11,559,28,248,300,13
2019/7/30 19:37,11,559,28,248,300,13
2019/7/30 19:37,11,559,28,248,300,13
2019/7/30 19:38,11,559,28,248,300,13
2019/7/30 19:39,11,559,28,248,300,13
2019/7/30 19:39,11,559,28,248,300,13
2019/7/30 19:40,11,559,28,248,300,13
2019/7/30 19:40,11,559,28,248,300,13
2019/7/30 19:40,11,559,28,248,300,13
2019/7/30 19:41,11,559,28,248,300,13
2019/7/30 19:42,11,559,28,248,300,13
2019/7/30 19:42,11,559,28,248,300,13
2019/7/30 19:43,11,559,28,248,300,13
2019/7/30 19:44,11,559,28,248,300,13
2019/7/30 19:44,11,559,28,248,300,13
2019/7/30 19:45,11,559,28,248,300,13
2019/7/30 19:45,11,559,28,248,300,13
2019/7/30 19:46,11,559,28,248,300,13
2019/7/30 19:46,11,559,28,248,300,13
2019/7/30 19:47,11,559,28,248,300,13
2019/7/30 19:48,11,559,28,248,300,13
2019/7/30 19:48,11,559,28,248,300,13
2019/7/30 19:49,11,559,28,248,300,13
2019/7/30 19:49,11,559,28,248,300,13
2019/7/30 19:50,11,559,28,248,300,13
2019/7/30 19:50,11,559,28,248,300,13
2019/7/30 19:51,11,559,28,248,300,13
2019/7/30 19:51,11,559,28,248,300,13
2019/7/30 19:52,11,559,28,248,300,13
2019/7/30 19:52,11,559,28,248,300,13
2019/7/30 19:53,11,559,28,248,300,13
2019/7/30 19:53,11,559,28,248,300,13
2019/7/30 19:54,11,559,28,248,300,13
2019/7/30 19:54,11,559,28,248,300,13
2019/7/30 19:55,11,559,28,248,300,13
2019/7/30 19:55,11,559,28,248,300,13
2019/7/30 19:56,11,559,28,248,300,13
2019/7/30 19:57,11,559,28,248,300,13
2019/7/30 19:57,11,559,28,248,300,13
2019/7/30 19:58,11,559,28,248,300,13
2019/7/30 19:58,11,559,28,248,300,13
2019/7/30 19:59,11,559,28,248,300,13
2019/7/30 19:59,11,559,28,248,300,13
2019/7/30 20:00,11,559,28,248,300,13
2019/7/30 20:00,11,559,28,248,300,13
2019/7/30 20:01,11,559,28,248,300,13
2019/7/30 20:01,11,559,28,248,300,13
2019/7/30 20:02,11,559,28,248,300,13
2019/7/30 20:03,11,559,28,248,300,13
2019/7/30 20:03,11,559,28,248,300,13
2019/7/30 20:04,11,559,28,248,300,13
2019/7/30 20:04,11,559,28,248,300,13
2019/7/30 20:04,11,559,28,248,300,13
2019/7/30 20:05,11,559,28,248,300,13
2019/7/30 20:06,11,559,28,248,300,13
2019/7/30 20:06,11,559,28,232,329,14
2019/7/30 20:07,11,559,28,234,324,13
2019/7/30 20:07,11,559,28,236,321,14
2019/7/30 20:08,11,559,28,237,316,14
2019/7/30 20:08,11,559,28,238,315,14
2019/7/30 20:09,17,648,43,240,310,13
2019/7/30 20:09,15,614,37,242,311,13
2019/7/30 20:10,14,601,35,244,309,13
2019/7/30 20:10,13,588,33,247,304,13
2019/7/30 20:11,12,572,30,249,300,13
2019/7/30 20:12,11,564,28,250,298,12
2019/7/30 20:12,11,564,28,250,298,12
2019/7/30 20:13,11,564,28,250,298,12
2019/7/30 20:13,11,564,28,250,298,12
2019/7/30 20:14,11,564,28,250,298,12
2019/7/30 20:14,11,564,28,250,298,12
2019/7/30 20:15,11,564,28,250,298,12
2019/7/30 20:15,11,564,28,250,298,12
2019/7/30 20:16,11,564,28,250,298,12
2019/7/30 20:16,11,564,28,250,298,12
2019/7/30 20:17,11,564,28,250,298,12
2019/7/30 20:18,11,564,28,250,298,12
2019/7/30 20:19,11,564,28,250,298,12
2019/7/30 20:19,11,564,28,250,298,12
2019/7/30 20:19,11,564,28,250,298,12
2019/7/30 20:20,11,564,28,250,298,12
2019/7/30 20:21,11,564,28,250,298,12
2019/7/30 20:21,11,564,28,250,298,12
2019/7/30 20:22,11,564,28,250,298,12
2019/7/30 20:22,11,564,28,250,298,12
2019/7/30 20:23,11,564,28,250,298,12
2019/7/30 20:23,11,564,28,250,298,12
2019/7/30 20:24,11,564,28,250,298,12
2019/7/30 20:24,11,564,28,250,298,12
2019/7/30 20:25,11,564,28,250,298,12
2019/7/30 20:25,11,564,28,250,298,12
2019/7/30 20:26,11,564,28,250,298,12
2019/7/30 20:27,11,564,28,250,298,12
2019/7/30 20:27,11,564,28,250,298,12
2019/7/30 20:28,11,564,28,250,298,12
2019/7/30 20:28,11,564,28,250,298,12
2019/7/30 20:29,11,564,28,250,298,12
2019/7/30 20:29,11,564,28,250,298,12
2019/7/30 20:30,11,564,28,250,298,12
2019/7/30 20:30,11,564,28,250,298,12
2019/7/30 20:31,11,564,28,250,298,12
2019/7/30 20:31,11,564,28,250,298,12
2019/7/30 20:32,11,564,28,250,298,12
2019/7/30 20:32,11,564,28,250,298,12
2019/7/30 20:33,11,564,28,250,298,12
2019/7/30 20:33,11,564,28,250,298,12
2019/7/30 20:34,11,564,28,250,298,12
2019/7/30 20:34,11,564,28,250,298,12
2019/7/30 20:35,11,564,28,250,298,12
2019/7/30 20:36,11,564,28,250,298,12
2019/7/30 20:37,11,564,28,250,298,12
2019/7/30 20:37,11,564,28,250,298,12
2019/7/30 20:38,11,564,28,250,298,12
2019/7/30 20:38,11,564,28,250,298,12
2019/7/30 20:39,11,564,28,250,298,12
2019/7/30 20:39,11,564,28,250,298,12
2019/7/30 20:40,11,564,28,250,298,12
2019/7/30 20:40,11,564,28,250,298,12
2019/7/30 20:41,11,564,28,250,298,12
2019/7/30 20:42,11,564,28,274,349,14
2019/7/30 20:43,11,564,28,276,350,15
2019/7/30 20:43,11,564,28,278,343,14
2019/7/30 20:43,11,564,28,279,339,14
2019/7/30 20:44,11,564,28,281,337,13
2019/7/30 20:45,32,865,82,284,335,14
2019/7/30 20:45,30,835,76,285,335,14
2019/7/30 20:46,29,816,73,287,333,14
2019/7/30 20:46,28,803,71,288,332,13
2019/7/30 20:47,27,793,69,288,336,14
2019/7/30 20:47,27,793,69,288,336,14
2019/7/30 20:48,27,793,69,288,336,14
2019/7/30 20:48,27,793,69,288,336,14
2019/7/30 20:49,27,793,69,288,336,14
2019/7/30 20:49,27,793,69,288,336,14
2019/7/30 20:50,27,793,69,288,336,14
2019/7/30 20:51,27,793,69,288,336,14
2019/7/30 20:51,27,793,69,288,336,14
2019/7/30 20:52,27,793,69,288,336,14
2019/7/30 20:52,27,793,69,288,336,14
2019/7/30 20:53,27,793,69,288,336,14
2019/7/30 20:53,27,793,69,288,336,14
2019/7/30 20:54,27,793,69,288,336,14
2019/7/30 20:54,27,793,69,288,336,14
2019/7/30 20:55,27,793,69,288,336,14
2019/7/30 20:55,27,793,69,288,336,14
2019/7/30 20:56,27,793,69,288,336,14
2019/7/30 20:56,27,793,69,288,336,14
2019/7/30 20:57,27,793,69,288,336,14
2019/7/30 20:57,27,793,69,288,336,14
2019/7/30 20:58,27,793,69,288,336,14
2019/7/30 20:58,27,793,69,288,336,14
2019/7/30 20:59,27,793,69,288,336,14
2019/7/30 21:00,27,793,69,288,336,14
2019/7/30 21:00,27,793,69,288,336,14
2019/7/30 21:01,27,793,69,288,336,14
2019/7/30 21:01,27,793,69,288,336,14
2019/7/30 21:02,27,793,69,288,336,14
2019/7/30 21:02,27,793,69,288,336,14
2019/7/30 21:03,27,793,69,288,336,14
2019/7/30 21:03,27,793,69,288,336,14
2019/7/30 21:04,27,793,69,288,336,14
2019/7/30 21:04,27,793,69,288,336,14
2019/7/30 21:05,27,793,69,288,336,14
2019/7/30 21:06,27,793,69,288,336,14
2019/7/30 21:07,27,793,69,288,336,14
2019/7/30 21:07,27,793,69,288,336,14
2019/7/30 21:07,27,793,69,288,336,14
2019/7/30 21:08,27,793,69,288,336,14
2019/7/30 21:09,27,793,69,288,336,14
2019/7/30 21:09,27,793,69,288,336,14
2019/7/30 21:10,27,793,69,288,336,14
2019/7/30 21:10,27,793,69,288,336,14
2019/7/30 21:11,27,793,69,288,336,14
2019/7/30 21:11,27,793,69,288,336,14
2019/7/30 21:12,27,793,69,288,336,14
2019/7/30 21:12,27,793,69,288,336,14
2019/7/30 21:13,27,793,69,288,336,14
2019/7/30 21:13,27,793,69,288,336,14
2019/7/30 21:14,27,793,69,288,336,14
2019/7/30 21:15,27,793,69,288,336,14
2019/7/30 21:15,27,793,69,288,336,14
2019/7/30 21:16,27,793,69,288,336,14
2019/7/30 21:16,27,793,69,288,336,14
2019/7/30 21:17,27,793,69,283,406,14
2019/7/30 21:17,27,793,69,285,401,16
2019/7/30 21:18,27,793,69,288,395,15
2019/7/30 21:18,27,793,69,290,389,13
2019/7/30 21:19,27,793,69,291,384,15
2019/7/30 21:19,27,793,69,293,381,14
2019/7/30 21:20,40,973,101,294,380,14
2019/7/30 21:20,36,923,92,296,379,14
2019/7/30 21:21,33,876,84,298,374,14
2019/7/30 21:22,32,857,80,299,371,13
2019/7/30 21:22,32,854,80,299,370,13
2019/7/30 21:22,32,854,80,299,370,13
2019/7/30 21:23,32,854,80,299,370,13
2019/7/30 21:24,32,854,80,299,370,13
2019/7/30 21:24,32,854,80,299,370,13
2019/7/30 21:25,32,854,80,299,370,13
2019/7/30 21:25,32,854,80,299,370,13
2019/7/30 21:26,32,854,80,299,370,13
2019/7/30 21:26,32,854,80,299,370,13
2019/7/30 21:27,32,854,80,299,370,13
2019/7/30 21:27,32,854,80,299,370,13
2019/7/30 21:28,32,854,80,299,370,13
2019/7/30 21:28,32,854,80,299,370,13
2019/7/30 21:29,32,854,80,299,370,13
2019/7/30 21:30,32,854,80,299,370,13
2019/7/30 21:30,32,854,80,299,370,13
2019/7/30 21:31,32,854,80,299,370,13
2019/7/30 21:31,32,854,80,299,370,13
2019/7/30 21:31,32,854,80,299,370,13
2019/7/30 21:32,32,854,80,299,370,13
2019/7/30 21:33,32,854,80,299,370,13
2019/7/30 21:33,32,854,80,299,370,13
2019/7/30 21:34,32,854,80,299,370,13
2019/7/30 21:34,32,854,80,299,370,13
2019/7/30 21:35,32,854,80,299,370,13
2019/7/30 21:35,32,854,80,299,370,13
2019/7/30 21:36,32,854,80,299,370,13
2019/7/30 21:36,32,854,80,299,370,13
2019/7/30 21:37,32,854,80,299,370,13
2019/7/30 21:37,32,854,80,299,370,13
2019/7/30 21:38,32,854,80,299,370,13
2019/7/30 21:39,32,854,80,299,370,13
2019/7/30 21:39,32,854,80,299,370,13
2019/7/30 21:40,32,854,80,299,370,13
2019/7/30 21:40,32,854,80,299,370,13
2019/7/30 21:41,32,854,80,299,370,13
2019/7/30 21:41,32,854,80,299,370,13
2019/7/30 21:42,32,854,80,299,370,13
2019/7/30 21:42,32,854,80,299,370,13
2019/7/30 21:43,32,854,80,299,370,13
2019/7/30 21:43,32,854,80,299,370,13
2019/7/30 21:44,32,854,80,299,370,13
2019/7/30 21:45,32,854,80,299,370,13
2019/7/30 21:46,32,854,80,299,370,13
2019/7/30 21:46,32,854,80,299,370,13
2019/7/30 21:46,32,854,80,299,370,13
2019/7/30 21:47,32,854,80,299,370,13
2019/7/30 21:48,32,854,80,299,370,13
2019/7/30 21:48,32,854,80,299,370,13
2019/7/30 21:49,32,854,80,299,370,13
2019/7/30 21:49,32,854,80,299,370,13
2019/7/30 21:50,32,854,80,299,370,13
2019/7/30 21:50,32,854,80,299,370,13
2019/7/30 21:51,32,854,80,299,370,13
2019/7/30 21:51,32,854,80,299,370,13
2019/7/30 21:52,32,854,80,289,430,13
2019/7/30 21:52,32,854,80,290,425,16
2019/7/30 21:53,32,854,80,292,424,15
2019/7/30 21:54,32,854,80,295,414,15
2019/7/30 21:54,32,854,80,297,409,14
2019/7/30 21:55,32,854,80,298,408,14
2019/7/30 21:55,39,964,99,299,404,14
2019/7/30 21:55,37,932,93,301,401,13
2019/7/30 21:56,35,898,87,302,396,13
2019/7/30 21:57,32,865,82,304,397,14
2019/7/30 21:57,31,843,78,304,397,14
2019/7/30 21:58,31,843,78,304,397,14
2019/7/30 21:58,31,843,78,304,397,14
2019/7/30 21:59,31,843,78,304,397,14
2019/7/30 21:59,31,843,78,304,397,14
2019/7/30 22:00,31,843,78,304,397,14
2019/7/30 22:00,31,843,78,304,397,14
2019/7/30 22:01,31,843,78,304,397,14
2019/7/30 22:01,31,843,78,304,397,14
2019/7/30 22:02,31,843,78,304,397,14
2019/7/30 22:03,31,843,78,304,397,14
2019/7/30 22:03,31,843,78,304,397,14
2019/7/30 22:04,31,843,78,304,397,14
2019/7/30 22:04,31,843,78,304,397,14
2019/7/30 22:05,31,843,78,304,397,14
2019/7/30 22:05,31,843,78,304,397,14
2019/7/30 22:06,31,843,78,304,397,14
2019/7/30 22:06,31,843,78,304,397,14
2019/7/30 22:07,31,843,78,304,397,14
2019/7/30 22:07,31,843,78,304,397,14
2019/7/30 22:08,31,843,78,304,397,14
2019/7/30 22:09,31,843,78,304,397,14
2019/7/30 22:10,31,843,78,304,397,14
2019/7/30 22:10,31,843,78,304,397,14
2019/7/30 22:10,31,843,78,304,397,14
2019/7/30 22:11,31,843,78,304,397,14
2019/7/30 22:12,31,843,78,304,397,14
2019/7/30 22:12,31,843,78,304,397,14
2019/7/30 22:13,31,843,78,304,397,14
2019/7/30 22:13,31,843,78,304,397,14
2019/7/30 22:14,31,843,78,304,397,14
2019/7/30 22:14,31,843,78,304,397,14
2019/7/30 22:15,31,843,78,304,397,14
2019/7/30 22:15,31,843,78,304,397,14
2019/7/30 22:16,31,843,78,304,397,14
2019/7/30 22:16,31,843,78,304,397,14
2019/7/30 22:17,31,843,78,304,397,14
2019/7/30 22:18,31,843,78,304,397,14
2019/7/30 22:18,31,843,78,304,397,14
2019/7/30 22:19,31,843,78,304,397,14
2019/7/30 22:19,31,843,78,304,397,14
2019/7/30 22:20,31,843,78,304,397,14
2019/7/30 22:20,31,843,78,304,397,14
2019/7/30 22:21,31,843,78,304,397,14
2019/7/30 22:21,31,843,78,304,397,14
2019/7/30 22:22,31,843,78,304,397,14
2019/7/30 22:22,31,843,78,304,397,14
2019/7/30 22:23,31,843,78,304,397,14
2019/7/30 22:23,31,843,78,304,397,14
2019/7/30 22:24,31,843,78,304,397,14
2019/7/30 22:24,31,843,78,304,397,14
2019/7/30 22:25,31,843,78,304,397,14
2019/7/30 22:25,31,843,78,304,397,14
2019/7/30 22:26,31,843,78,304,397,14
2019/7/30 22:27,31,843,78,304,397,14
2019/7/30 22:27,31,843,78,304,397,14
2019/7/30 22:28,31,843,78,289,448,15
2019/7/30 22:28,31,843,78,290,443,13
2019/7/30 22:29,31,843,78,292,439,14
2019/7/30 22:29,31,843,78,294,434,13
2019/7/30 22:30,31,843,78,297,427,13
2019/7/30 22:30,33,876,84,298,424,13
2019/7/30 22:31,30,830,75,299,424,13
2019/7/30 22:31,27,793,69,300,423,13
2019/7/30 22:32,26,772,65,301,419,13
2019/7/30 22:33,24,744,60,302,416,13
2019/7/30 22:33,24,744,60,302,416,13
2019/7/30 22:34,24,744,60,302,416,13
2019/7/30 22:34,24,744,60,302,416,13
2019/7/30 22:34,24,744,60,302,416,13
2019/7/30 22:35,24,744,60,302,416,13
2019/7/30 22:36,24,744,60,302,416,13
2019/7/30 22:36,24,744,60,302,416,13
2019/7/30 22:37,24,744,60,302,416,13
2019/7/30 22:37,24,744,60,302,416,13
2019/7/30 22:38,24,744,60,302,416,13
2019/7/30 22:38,24,744,60,302,416,13
2019/7/30 22:39,24,744,60,302,416,13
2019/7/30 22:39,24,744,60,302,416,13
2019/7/30 22:40,24,744,60,302,416,13
2019/7/30 22:40,24,744,60,302,416,13
2019/7/30 22:41,24,744,60,302,416,13
2019/7/30 22:42,24,744,60,302,416,13
2019/7/30 22:42,24,744,60,302,416,13
2019/7/30 22:43,24,744,60,302,416,13
2019/7/30 22:43,24,744,60,302,416,13
2019/7/30 22:44,24,744,60,302,416,13
2019/7/30 22:44,24,744,60,302,416,13
2019/7/30 22:45,24,744,60,302,416,13
2019/7/30 22:45,24,744,60,302,416,13
2019/7/30 22:46,24,744,60,302,416,13
2019/7/30 22:46,24,744,60,302,416,13
2019/7/30 22:47,24,744,60,302,416,13
2019/7/30 22:47,24,744,60,302,416,13
2019/7/30 22:48,24,744,60,302,416,13
2019/7/30 22:48,24,744,60,302,416,13
2019/7/30 22:49,24,744,60,302,416,13
2019/7/30 22:49,24,744,60,302,416,13
2019/7/30 22:50,24,744,60,302,416,13
2019/7/30 22:51,24,744,60,302,416,13
2019/7/30 22:51,24,744,60,302,416,13
2019/7/30 22:52,24,744,60,302,416,13
2019/7/30 22:52,24,744,60,302,416,13
2019/7/30 22:53,24,744,60,302,416,13
2019/7/30 22:53,24,744,60,302,416,13
2019/7/30 22:54,24,744,60,302,416,13
2019/7/30 22:54,24,744,60,302,416,13
2019/7/30 22:55,24,744,60,302,416,13
2019/7/30 22:55,24,744,60,302,416,13
2019/7/30 22:56,24,744,60,302,416,13
2019/7/30 22:57,24,744,60,302,416,13
2019/7/30 22:57,24,744,60,302,416,13
2019/7/30 22:58,24,744,60,302,416,13
2019/7/30 22:58,24,744,60,302,416,13
2019/7/30 22:58,24,744,60,302,416,13
2019/7/30 22:59,24,744,60,302,416,13
2019/7/30 23:00,24,744,60,302,416,13
2019/7/30 23:00,24,744,60,302,416,13
2019/7/30 23:01,24,744,60,302,416,13
2019/7/30 23:01,24,744,60,302,416,13
2019/7/30 23:02,24,744,60,302,416,13
2019/7/30 23:02,24,744,60,302,416,13
2019/7/30 23:03,24,744,60,289,453,12
2019/7/30 23:03,24,744,60,291,450,12
2019/7/30 23:04,24,744,60,292,446,12
2019/7/30 23:04,24,744,60,294,444,12
2019/7/30 23:05,24,744,60,295,439,12
2019/7/30 23:06,26,775,66,298,431,11
2019/7/30 23:06,23,732,58,299,429,11
2019/7/30 23:07,21,710,54,300,426,12
2019/7/30 23:07,20,693,51,301,426,12
2019/7/30 23:08,19,679,49,302,423,11
2019/7/30 23:08,19,676,48,302,423,11
2019/7/30 23:09,19,676,48,302,423,11
2019/7/30 23:09,19,676,48,302,423,11
2019/7/30 23:10,19,676,48,302,423,11
2019/7/30 23:10,19,676,48,302,423,11
2019/7/30 23:11,19,676,48,302,423,11
2019/7/30 23:11,19,676,48,302,423,11
2019/7/30 23:12,19,676,48,302,423,11
2019/7/30 23:13,19,676,48,302,423,11
2019/7/30 23:13,19,676,48,302,423,11
2019/7/30 23:13,19,676,48,302,423,11
2019/7/30 23:14,19,676,48,302,423,11
2019/7/30 23:15,19,676,48,302,423,11
2019/7/30 23:15,19,676,48,302,423,11
2019/7/30 23:16,19,676,48,302,423,11
2019/7/30 23:17,19,676,48,302,423,11
2019/7/30 23:17,19,676,48,302,423,11
2019/7/30 23:18,19,676,48,302,423,11
2019/7/30 23:18,19,676,48,302,423,11
2019/7/30 23:19,19,676,48,302,423,11
2019/7/30 23:19,19,676,48,302,423,11
2019/7/30 23:20,19,676,48,302,423,11
2019/7/30 23:21,19,676,48,302,423,11
2019/7/30 23:21,19,676,48,302,423,11
2019/7/30 23:22,19,676,48,302,423,11
2019/7/30 23:22,19,676,48,302,423,11
2019/7/30 23:23,19,676,48,302,423,11
2019/7/30 23:23,19,676,48,302,423,11
2019/7/30 23:24,19,676,48,302,423,11
2019/7/30 23:24,19,676,48,302,423,11
2019/7/30 23:25,19,676,48,302,423,11
2019/7/30 23:25,19,676,48,302,423,11
2019/7/30 23:26,19,676,48,302,423,11
2019/7/30 23:26,19,676,48,302,423,11
2019/7/30 23:27,19,676,48,302,423,11
2019/7/30 23:27,19,676,48,302,423,11
2019/7/30 23:28,19,676,48,302,423,11
2019/7/30 23:28,19,676,48,302,423,11
2019/7/30 23:29,19,676,48,302,423,11
2019/7/30 23:30,19,676,48,302,423,11
2019/7/30 23:30,19,676,48,302,423,11
2019/7/30 23:31,19,676,48,302,423,11
2019/7/30 23:31,19,676,48,302,423,11
2019/7/30 23:32,19,676,48,302,423,11
2019/7/30 23:32,19,676,48,302,423,11
2019/7/30 23:33,19,676,48,302,423,11
2019/7/30 23:33,19,676,48,302,423,11
2019/7/30 23:34,19,676,48,302,423,11
2019/7/30 23:34,19,676,48,302,423,11
2019/7/30 23:35,19,676,48,302,423,11
2019/7/30 23:36,19,676,48,302,423,11
2019/7/30 23:37,19,676,48,302,423,11
2019/7/30 23:37,19,676,48,302,423,11
2019/7/30 23:37,19,676,48,302,423,11
2019/7/30 23:38,19,676,48,289,464,11
2019/7/30 23:39,19,676,48,292,457,11
2019/7/30 23:39,19,676,48,293,453,11
2019/7/30 23:40,19,676,48,295,449,11
2019/7/30 23:40,19,676,48,296,443,11
2019/7/30 23:41,19,676,48,298,439,11
2019/7/30 23:41,22,725,57,299,436,10
2019/7/30 23:42,18,660,45,301,432,10
2019/7/30 23:42,17,648,43,302,429,10
2019/7/30 23:43,16,639,42,303,426,10
2019/7/30 23:43,16,632,41,304,426,10
2019/7/30 23:44,16,632,41,304,426,10
2019/7/30 23:45,16,632,41,304,426,10
2019/7/30 23:45,16,632,41,304,426,10
2019/7/30 23:46,16,632,41,304,426,10
2019/7/30 23:46,16,632,41,304,426,10
2019/7/30 23:47,16,632,41,304,426,10
2019/7/30 23:47,16,632,41,304,426,10
2019/7/30 23:48,16,632,41,304,426,10
2019/7/30 23:48,16,632,41,304,426,10
2019/7/30 23:49,16,632,41,304,426,10
2019/7/30 23:49,16,632,41,304,426,10
2019/7/30 23:50,16,632,41,304,426,10
2019/7/30 23:50,16,632,41,304,426,10
2019/7/30 23:51,16,632,41,304,426,10
2019/7/30 23:52,16,632,41,304,426,10
2019/7/30 23:52,16,632,41,304,426,10
2019/7/30 23:52,16,632,41,304,426,10
2019/7/30 23:53,16,632,41,304,426,10
2019/7/30 23:54,16,632,41,304,426,10
2019/7/30 23:54,16,632,41,304,426,10
2019/7/30 23:55,16,632,41,304,426,10
2019/7/30 23:55,16,632,41,304,426,10
2019/7/30 23:56,16,632,41,304,426,10
2019/7/30 23:56,16,632,41,304,426,10
2019/7/30 23:57,16,632,41,304,426,10
2019/7/30 23:57,16,632,41,304,426,10
2019/7/30 23:58,16,632,41,304,426,10
2019/7/30 23:58,16,632,41,304,426,10
2019/7/30 23:59,16,632,41,304,426,10
